{
  "task": "G1",
  "method": "qaoa_native_diagonal",
  "n_sites": 20,
  "cost_model": "flat",
  "parameters": {
    "reps": 2,
    "optimizer": "scipy_COBYLA",
    "maxiter": 300,
    "sampler": "Statevector+precomputed_diagonal",
    "seed": 42
  },
  "runtime_seconds": 35.6017,
  "result": {
    "energy": -12.63827133178711,
    "bitstring": "00001001000000001000",
    "n_selected": 3,
    "selected_sites": [
      "GA_005",
      "GA_008",
      "GA_017"
    ],
    "total_benefit": 1.6094246607147964,
    "total_cost": 1.5,
    "excluded_used": 3,
    "budget_B": 3.0
  },
  "metrics": {
    "approximation_ratio": 0.988797,
    "p_success_optimal": 5.1e-05,
    "p_success_within_1pct": 0.000684,
    "n_qubits": 20,
    "search_space": 1048576,
    "recharge_potential_qaoa": 1.668,
    "recharge_potential_greedy": 5.292,
    "recharge_potential_random_mean": 3.813392,
    "portfolio_cost": 1.5,
    "budget_B": 3.0,
    "budget_feasible": true
  },
  "extra_metrics": {
    "p_feasible": 0.244338,
    "distribution_entropy": 18.009992,
    "energy_gap": 0.055868,
    "qubo_sparsity": 0.0,
    "qubo_condition_number": 9.0602,
    "optimal_beta": [
      0.29083861,
      0.3149517
    ],
    "optimal_gamma": [
      0.69871904,
      0.74025439
    ],
    "optimizer_nfev": 300,
    "convergence_curve": [
      61.08666927,
      75.46455381,
      62.31295446,
      88.7572637,
      69.58725511,
      77.01901377,
      68.23154081,
      60.79671901,
      72.40199073,
      59.78841571,
      64.10751854,
      69.93620149,
      64.92238354,
      64.73874981,
      63.74886931,
      54.21510923,
      54.66152714,
      54.38434872,
      54.53703255,
      54.15300664,
      54.12235363,
      54.77942049,
      54.76660353,
      53.47387842,
      53.94607199,
      53.35494482,
      53.29218131,
      53.24779195,
      53.16178712,
      53.06180475,
      52.98100559,
      52.98812641,
      53.12410451,
      52.97794192,
      52.97296775,
      52.96935167,
      52.94088545,
      52.90043353,
      52.84888817,
      52.85053205,
      52.81434707,
      52.80271815,
      52.79297171,
      52.89314513,
      52.79730664,
      52.76841639,
      52.75757568,
      52.74902762,
      52.73463165,
      52.71060779,
      52.67745814,
      52.6971611,
      52.6643202,
      52.64342347,
      52.63280295,
      52.64430808,
      52.62798743,
      52.62129516,
      52.60920538,
      52.5913412,
      52.62849089,
      52.5868009,
      52.57338799,
      52.55582962,
      52.54419433,
      52.54919327,
      52.53803805,
      52.53288624,
      52.52406416,
      52.52002739,
      52.53931895,
      52.51887766,
      52.51333461,
      52.5078577,
      52.50426559,
      52.52317616,
      52.50112589,
      52.49407128,
      52.49370103,
      52.48833687,
      52.47981568,
      52.47095687,
      52.46505455,
      52.46233657,
      52.45006943,
      52.48735069,
      52.44827193,
      52.44208599,
      52.44532928,
      52.4390387,
      52.43587133,
      52.44364645,
      52.43435141,
      52.43787114,
      52.43384159,
      52.43211722,
      52.42908425,
      52.42425937,
      52.42075529,
      52.41970878,
      52.41422788,
      52.42120604,
      52.41315963,
      52.411805,
      52.41392114,
      52.41159855,
      52.40946523,
      52.40621626,
      52.40249606,
      52.39955805,
      52.40265711,
      52.39768721,
      52.39658202,
      52.39831354,
      52.39702583,
      52.39559717,
      52.39667513,
      52.39537918,
      52.39452457,
      52.39365559,
      52.3929533,
      52.39286129,
      52.39237746,
      52.39309885,
      52.39230674,
      52.39126264,
      52.38983665,
      52.38890818,
      52.38863361,
      52.38852972,
      52.3875324,
      52.38602666,
      52.38451288,
      52.38358912,
      52.38105662,
      52.37760404,
      52.37766191,
      52.37600834,
      52.37495384,
      52.37579956,
      52.37428947,
      52.37376403,
      52.37402139,
      52.37378066,
      52.37309319,
      52.37181236,
      52.36939351,
      52.36750413,
      52.36191079,
      52.3578551,
      52.37142174,
      52.35989511,
      52.35952222,
      52.35923068,
      52.36244436,
      52.35727303,
      52.35469149,
      52.35400654,
      52.35322177,
      52.35355676,
      52.35314008,
      52.35268333,
      52.35212203,
      52.35101178,
      52.34987988,
      52.3478897,
      52.34765088,
      52.34618578,
      52.34601553,
      52.3460048,
      52.34508994,
      52.3440756,
      52.34376101,
      52.34330992,
      52.34258861,
      52.3444503,
      52.34292738,
      52.34135906,
      52.34122342,
      52.34081576,
      52.34029687,
      52.33974324,
      52.33927625,
      52.33874211,
      52.33819816,
      52.33747871,
      52.33635664,
      52.33550976,
      52.33436159,
      52.33385587,
      52.33451386,
      52.33301318,
      52.33220888,
      52.33216229,
      52.33180959,
      52.33142768,
      52.33166597,
      52.33141873,
      52.33089366,
      52.33066098,
      52.33037837,
      52.33050872,
      52.33067447,
      52.32982788,
      52.32893743,
      52.32791256,
      52.32708697,
      52.3257534,
      52.32960637,
      52.32714325,
      52.32493408,
      52.32391784,
      52.32363647,
      52.32454042,
      52.3239277,
      52.32301309,
      52.32253468,
      52.3222956,
      52.32200649,
      52.32167584,
      52.32116682,
      52.32027814,
      52.31869431,
      52.31569808,
      52.31247601,
      52.30848641,
      52.32981153,
      52.30757878,
      52.30822174,
      52.30855259,
      52.31005378,
      52.30851288,
      52.30614532,
      52.30611794,
      52.30656311,
      52.30613828,
      52.30637343,
      52.30560431,
      52.30475439,
      52.30363418,
      52.3033407,
      52.30247404,
      52.30301346,
      52.30181718,
      52.30126562,
      52.30097378,
      52.30043726,
      52.3006836,
      52.30042152,
      52.30003154,
      52.29977738,
      52.29944062,
      52.29910197,
      52.29868363,
      52.29800695,
      52.29730568,
      52.29596086,
      52.29546136,
      52.29689294,
      52.29473469,
      52.29849979,
      52.2948416,
      52.29412907,
      52.29370574,
      52.29408021,
      52.29356528,
      52.29383055,
      52.29343969,
      52.29310968,
      52.29291324,
      52.29281508,
      52.29249826,
      52.29245599,
      52.2920343,
      52.29161981,
      52.29102055,
      52.28982587,
      52.28791789,
      52.28644188,
      52.29428503,
      52.28650167,
      52.28630693,
      52.28722962,
      52.28627548,
      52.28621134,
      52.28753728,
      52.28645749,
      52.28572288,
      52.2853835,
      52.28559447,
      52.28540428,
      52.28505922,
      52.28482412,
      52.28447537,
      52.28393902,
      52.28343635,
      52.28315397,
      52.28255579,
      52.28570139,
      52.28263606
    ],
    "spatial_diversity_km": 74.7276,
    "excluded_used": 3
  },
  "top_samples": [
    {
      "bitstring": "00000000000000000000",
      "energy": 0.0,
      "probability": 0.00082773
    },
    {
      "bitstring": "01001011010001101000",
      "energy": 7.15449286,
      "probability": 0.00106689
    },
    {
      "bitstring": "01001011110000101000",
      "energy": 7.17463636,
      "probability": 0.00103768
    },
    {
      "bitstring": "01001011110001001000",
      "energy": 7.18533134,
      "probability": 0.0010055
    },
    {
      "bitstring": "01001010110001101000",
      "energy": 7.20910454,
      "probability": 0.00097758
    },
    {
      "bitstring": "01001001110001101000",
      "energy": 7.2151227,
      "probability": 0.00095433
    },
    {
      "bitstring": "01001011100001101000",
      "energy": 7.26247835,
      "probability": 0.00087097
    },
    {
      "bitstring": "00001011110001101000",
      "energy": 7.28183079,