{
  "task": "C2",
  "method": "qaoa_vqe_estimator",
  "n_sites": 20,
  "cost_model": "flat",
  "parameters": {
    "reps": 1,
    "optimizer": "COBYLA",
    "maxiter": 300,
    "sampler": "StatevectorEstimator+VQE",
    "seed": 42
  },
  "runtime_seconds": 1117.8876,
  "result": {
    "energy": -0.8841890096664429,
    "bitstring": "01001011010001001000",
    "n_selected": 7,
    "selected_sites": [
      "GA_002",
      "GA_005",
      "GA_007",
      "GA_008",
      "GA_010",
      "GA_014",
      "GA_017"
    ],
    "total_benefit": 3.906313360655449,
    "total_cost": 3.5,
    "excluded_used": 5,
    "budget_B": 3.0
  },
  "metrics": {
    "approximation_ratio": 0.069177,
    "p_success_optimal": 1e-06,
    "p_success_within_1pct": 1.1e-05,
    "n_qubits": 20,
    "search_space": 1048576,
    "recharge_potential_qaoa": 4.54,
    "recharge_potential_greedy": 5.292,
    "recharge_potential_random_mean": 3.813392,
    "portfolio_cost": 3.5,
    "budget_B": 3.0,
    "budget_feasible": false
  },
  "extra_metrics": {
    "p_feasible": 0.016031,
    "distribution_entropy": 12.351953,
    "energy_gap": 0.058029,
    "qubo_sparsity": 0.0,
    "qubo_condition_number": 9.0602,
    "optimal_beta": [
      0.7866212
    ],
    "optimal_gamma": [
      1.82506105
    ],
    "optimizer_nfev": 97,
    "convergence_curve": [
      66.2108388,
      63.46611818,
      62.30008152,
      88.48880049,
      60.52505718,
      64.30663781,
      63.11011738,
      82.07334879,
      60.36754173,
      64.50330863,
      60.93814265,
      60.50587991,
      60.37280554,
      60.37182773,
      60.38162056,
      60.37427508,
      60.37008554,
      60.36346212,
      60.36120406,
      60.36400926,
      60.36021827,
      60.35929531,
      60.35740509,
      60.35384393,
      60.35334904,
      60.34709749,
      60.35182454,
      60.35085672,
      60.34804535,
      60.34659165,
      60.34851423,
      60.34588609,
      60.34525321,
      60.34421002,
      60.34525084,
      60.34328932,
      60.34249653,
      60.34345918,
      60.34182563,
      60.34133626,
      60.34079252,
      60.33981681,
      60.3386456,
      60.33797015,
      60.33667441,
      60.33469414,
      60.35711068,
      60.34259874,
      60.3426048,
      60.33428599,
      60.33340924,
      60.3340413,
      60.33363725,
      60.33341926,
      60.33338975,
      60.33335734,
      60.33331521,
      60.3333993,
      60.33325766,
      60.33321817,
      60.33318238,
      60.33317158,
      60.33307767,
      60.33303723,
      60.33296439,
      60.33286983,
      60.33277941,
      60.33270079,
      60.33302129,
      60.33280993,
      60.33269032,
      60.33282448,
      60.3326626,
      60.33265831,
      60.33263879,
      60.33262534,
      60.33261111,
      60.33258678,
      60.33270094,
      60.33263767,
      60.33258209,
      60.33260362,
      60.33258091,
      60.33257718,
      60.33257311,
      60.33259596,
      60.33256804,
      60.33256561,
      60.33256197,
      60.33255554,
      60.33254722,
      60.33255286,
      60.33256189,
      60.33254942,
      60.33254502,
      60.33254375,
      60.33254866
    ],
    "spatial_diversity_km": 57.1144,
    "excluded_used": 5
  },
  "top_samples": [
    {
      "bitstring": "01001011110000101000",
      "energy": 7.17463636,
      "probability": 0.00222143
    },
    {
      "bitstring": "01001001110001101000",
      "energy": 7.2151227,
      "probability": 0.00166256
    },
    {
      "bitstring": "01000011110001101000",
      "energy": 7.41478157,
      "probability": 0.00164274
    },
    {
      "bitstring": "01001011110001101000",
      "energy": 17.23967743,
      "probability": 0.163042
    },
    {
      "bitstring": "01001011111001101000",
      "energy": 34.15434647,
      "probability": 0.00277661
    },
    {
      "bitstring": "01011011110001101000",
      "energy": 34.15776825,
      "probability": 0.00766293
    },
    {
      "bitstring": "01001011110001101001",
      "energy": 34.43709564,
      "probability": 0.00163651
    },
    {
      "bitstring": "01001011110011101000",
      "energy": 34.53993607,
      "probability": 0.0048025
    },
    {
      "bitstring": "01101011110001101000",
      "energy": 34.62034607,
      "probability": 0.00880179
    },
    {
      "bitstring": "10100100000110010111",
      "energy": 63.95898438,
      "probability": 0.00177606
    },
    {
      "bitstring": "10010100001110010111",
      "energy": 80.50843811,
      "probability": 0.00489713
    },
    {
      "bitstring": "10110100001100010111",
      "energy": 80.55123138,
      "probability": 0.00251293
    },
    {
      "bitstring": "10110100000110010111",
      "energy": 80.80309296,
      "probability": 0.00351278
    },
    {
      "bitstring": "10100100001110010111",
      "energy": 80.98426056,
      "probability": 0.00808454
    },
    {
      "bitstring": "10110100001110001111",
      "energy": 94.67465973,
      "probability": 0.00132303
    },
    {
      "bitstring": "10101100001110010111",
      "energy": 94.76446533,
      "probability": 0.00213703
    },
    {
      "bitstring": "10100100001110011111",
      "energy": 94.94828796,
      "probability": 0.00137988
    },
    {
      "bitstring": "10110100001110010111",
      "energy": 99.82847595,
      "probability": 0.11521643
    },
    {
      "bitstring": "10111100001110010111",
      "energy": 115.68132782,
      "probability": 0.00229454
    },
    {
      "bitstring": "10110100001110011111",
      "energy": 115.79253387,
      "probability": 0.001758
    }
  ],
  "ground_truth_energy": -12.781459738867975
}