{
  "n_sites": 20,
  "budget": 2.6840435761596755,
  "qubo_const": 14.408179837448039,
  "w": [
    0.353426526588106,
    0.5023704260683767,
    0.5367632074326787,
    0.751475355183005,
    0.5146687794091606,
    0.5701593972142178,
    0.5772468120077491,
    0.3628634574952981,
    0.49282061921356335,
    0.6228906894245269,
    0.6829068129993439,
    0.6340613559050706,
    0.6618320655944387,
    0.5943807724399999,
    0.4362249624057058,
    0.7295057794429894,
    0.7318924238103376,
    0.2681695,
    0.5944375137880155,
    0.46343885457405637
  ],
  "C": [
    0.5703658996452721,
    0.5266187759907398,
    0.6861146356556667,
    0.36173010535857786,
    0.49287457791141354,
    0.366544181814986,
    0.3781242343424352,
    0.5085131139435238,
    0.5566471224985449,
    0.47483049812001954,
    0.382023642749943,
    0.4049929844328146,
    0.41181105081379266,
    0.36475278188951354,
    0.38751630973374585,
    0.32440708491992093,
    0.34033230932956715,
    0.6775,
    0.3764803137847366,
    0.354632297597039
  ],
  "cost_model": "real"
}