{
  "n_sites": 50,
  "budget": 2.819608829857445,
  "qubo_const": 15.900387906820141,
  "w": [
    0.339478394961704,
    0.4347859565193831,
    0.5230464320538064,
    0.6768885504539963,
    0.5331284562126977,
    0.6777109004458421,
    0.771067403185376,
    0.5283063071988447,
    0.38574584186147887,
    0.3527105575782963,
    0.4553780261763979,
    0.29888686473861215,
    0.5764235128869138,
    0.5819241226820722,
    0.4916647665107676,
    0.6203644086615328,
    0.5405565936134722,
    0.6341364077015316,
    0.5699931407407672,
    0.6355315203640054,
    0.5762780182999169,
    0.639358900751491,
    0.5096341381351004,
    0.6320545121356858,
    0.390064270078479,
    0.5838226826555817,
    0.5916202741005065,
    0.4953709203706304,
    0.5905109607037878,
    0.45860985511826335,
    0.6370590312122651,
    0.5557540521257647,
    0.6683443520179473,
    0.6507130624793901,
    0.5953599003594985,
    0.6486161211986128,
    0.32621054704679525,
    0.4187183740795031,
    0.5985854010076203,
    0.44406464208816243,
    0.6139892517118652,
    0.6482195510079531,
    0.42234221147418133,
    0.4589110184445116,
    0.3256779618303342,
    0.4626177645865006,
    0.5004127866516684,
    0.5549136911726558,
    0.67498356106477,
    0.655461445813995
  ],
  "C": [
    0.6115061297516904,
    0.656808221762621,
    0.45509522136858244,
    0.8098259440026446,
    0.5383137149219404,
    0.4220582577014098,
    0.5525167503338675,
    0.4889600147299325,
    0.5498998205003045,
    0.5525398277488367,
    0.5405991423023251,
    0.6144619376057574,
    0.46932456917543863,
    0.44735894377571883,
    0.3637029671384143,
    0.3490092879254899,
    0.40363114392566746,
    0.3826048985341116,
    0.44647815199503504,
    0.38101244821516234,
    0.42199226121390354,
    0.4404739230146411,
    0.5116841753383811,
    0.45782517458731065,
    0.6236158635788759,
    0.49186525324978747,
    0.42135562491299644,
    0.33057484943607895,
    0.4226375697929863,
    0.48477071028849483,
    0.452097207016142,
    0.41101194580673844,
    0.380486171179463,
    0.4004580995179452,
    0.4157817480723081,
    0.3599957345605258,
    0.5875089838947125,
    0.5003724868409769,
    0.41804681514242115,
    0.3778412985543068,
    0.38968592419473974,
    0.4032963873180112,
    0.46875951461451115,
    0.6775,
    0.5882151879172413,
    0.4179711130990545,
    0.3366884878394869,
    0.4971227434980417,
    0.3763349594439447,
    0.3950626414730634
  ],
  "cost_model": "real"
}