{
  "task": "B4",
  "method": "greedy",
  "n_sites": 20,
  "runtime_seconds": 0.010013580322265625,
  "result": {
    "energy": -6.828580060893176,
    "bitstring": "00010000001110010010",
    "n_selected": 6,
    "selected_sites": [
      "GA_004",
      "GA_011",
      "GA_012",
      "GA_013",
      "GA_016",
      "GA_019"
    ],
    "total_benefit": 4.054218882912863,
    "total_cost": 3.0,
    "excluded_used": 0,
    "budget_B": 3.0
  }
}