{
  "n_sites": 20,
  "budget": 3.0,
  "qubo_const": 18.0,
  "w": [
    0.353426526588106,
    0.5023704260683767,
    0.5367632074326787,
    0.751475355183005,
    0.5146687794091606,
    0.5701593972142178,
    0.5772468120077491,
    0.3628634574952981,
    0.49282061921356335,
    0.6228906894245269,
    0.6829068129993439,
    0.6340613559050706,
    0.6618320655944387,
    0.5943807724399999,
    0.4362249624057058,
    0.7295057794429894,
    0.7318924238103376,
    0.2681695,
    0.5944375137880155,
    0.46343885457405637
  ],
  "C": [
    0.5,
    0.5,
    0.5,
    0.5,
    0.5,
    0.5,
    0.5,
    0.5,
    0.5,
    0.5,
    0.5,
    0.5,
    0.5,
    0.5,
    0.5,
    0.5,
    0.5,
    0.5,
    0.5,
    0.5
  ],
  "cost_model": "flat"
}