{
  "task": "B2",
  "description": "Unified QUBO (cost_model=flat)",
  "parameters": {
    "lambda": 2.0,
    "mu": 5.0,
    "budget_B": 3.0
  },
  "n_sites": 20,
  "site_ids": [
    "GA_001",
    "GA_002",
    "GA_003",
    "GA_004",
    "GA_005",
    "GA_006",
    "GA_007",
    "GA_008",
    "GA_009",
    "GA_010",
    "GA_011",
    "GA_012",
    "GA_013",
    "GA_014",
    "GA_015",
    "GA_016",
    "GA_017",
    "GA_018",
    "GA_019",
    "GA_020"
  ],
  "Q_matrix": [
    [
      -0.8534265265881062,
      1.0356590909791281,
      1.0042385788141932,
      1.0005038163089905,
      1.000059886251026,
      1.0154650203854614,
      1.0078050005082846,
      1.0016800106915764,
      1.0002640190126393,
      1.0000366983340092,
      1.0007972317165055,
      1.0005513571957465,
      1.0002037933381431,
      1.0000497819371643,
      1.0000095040151573,
      1.000041097349159,
      1.0000320305876313,
      1.0000157476021279,
      1.0000053404518812,
      1.000001377393968
    ],
    [
      1.0356590909791281,
      -1.002370426068377,
      1.0356590909791232,
      1.0042385788141932,
      1.0005038163089905,
      1.0078050005082846,
      1.0154650203854614,
      1.007805000508284,
      1.0016800106915764,
      1.0002640190126393,
      1.0005513571957465,
      1.0007972317165055,
      1.0005513571957465,
      1.0002037933381431,
      1.0000497819371643,
      1.0000320305876313,
      1.000041097349159,
      1.0000320305876313,
      1.0000157476021279,
      1.0000053404518812
    ],
    [
      1.0042385788141932,
      1.0356590909791232,
      -1.0367632074326787,
      1.0356590909791281,
      1.0042385788141939,
      1.0016800106915764,
      1.007805000508284,
      1.0154650203854614,
      1.0078050005082846,
      1.0016800106915766,
      1.0002037933381431,
      1.0005513571957465,
      1.0007972317165055,
      1.0005513571957465,
      1.0002037933381431,
      1.0000157476021279,
      1.0000320305876313,
      1.000041097349159,
      1.0000320305876313,
      1.0000157476021279
    ],
    [
      1.0005038163089905,
      1.0042385788141932,
      1.0356590909791281,
      -6.251475355183005,
      1.0356590909791281,
      1.0002640190126393,
      1.0016800106915764,
      1.0078050005082846,
      1.0154650203854614,
      1.0078050005082846,
      1.0000497819371643,
      1.0002037933381431,
      1.0005513571957465,
      1.0007972317165055,
      1.0005513571957465,
      1.0000053404518812,
      1.0000157476021279,
      1.0000320305876313,
      1.000041097349159,
      1.0000320305876313
    ],
    [
      1.000059886251026,
      1.0005038163089905,
      1.0042385788141939,
      1.0356590909791281,
      -1.0146687794091607,
      1.0000366983340092,
      1.0002640190126393,
      1.0016800106915766,
      1.0078050005082846,
      1.0154650203854614,
      1.0000095040151573,
      1.0000497819371643,
      1.0002037933381431,
      1.0005513571957465,
      1.0007972317165055,
      1.000001377393968,
      1.0000053404518812,
      1.0000157476021279,
      1.0000320305876313,
      1.000041097349159
    ],
    [
      1.0154650203854614,
      1.0078050005082846,
      1.0016800106915764,
      1.0002640190126393,
      1.0000366983340092,
      -6.070159397214217,
      1.0358784660050275,
      1.0042908908956585,
      1.0005131721335327,
      1.000061373605865,
      1.015465192349599,
      1.0078330986847543,
      1.001697068010303,
      1.0002684782175324,
      1.0000375616782242,
      1.0007972317165055,
      1.0005525055079687,
      1.0002052636889898,
      1.0000504615709533,
      1.000009698504184
    ],
    [
      1.0078050005082846,
      1.0154650203854614,
      1.007805000508284,
      1.0016800106915764,
      1.0002640190126393,
      1.0358784660050275,
      -6.077246812007749,
      1.0358784660050229,
      1.0042908908956585,
      1.0005131721335327,
      1.0078330986847543,
      1.015465192349599,
      1.007833098684754,
      1.001697068010303,
      1.0002684782175324,
      1.0005525055079687,
      1.0007972317165055,
      1.0005525055079687,
      1.0002052636889898,
      1.0000504615709533
    ],
    [
      1.0016800106915764,
      1.007805000508284,
      1.0154650203854614,
      1.0078050005082846,
      1.0016800106915766,
      1.0042908908956585,
      1.0358784660050229,
      -0.8628634574952985,
      1.0358784660050275,
      1.0042908908956591,
      1.001697068010303,
      1.007833098684754,
      1.015465192349599,
      1.0078330986847543,
      1.0016970680103032,
      1.0002052636889898,
      1.0005525055079687,
      1.0007972317165055,
      1.0005525055079687,
      1.0002052636889898
    ],
    [
      1.0002640190126393,
      1.0016800106915764,
      1.0078050005082846,
      1.0154650203854614,
      1.0078050005082846,
      1.0005131721335327,
      1.0042908908956585,
      1.0358784660050275,
      -0.9928206192135631,
      1.0358784660050275,
      1.0002684782175324,
      1.001697068010303,
      1.0078330986847543,
      1.015465192349599,
      1.0078330986847543,
      1.0000504615709533,
      1.0002052636889898,
      1.0005525055079687,
      1.0007972317165055,
      1.0005525055079687
    ],
    [
      1.0000366983340092,
      1.0002640190126393,
      1.0016800106915766,
      1.0078050005082846,
      1.0154650203854614,
      1.000061373605865,
      1.0005131721335327,
      1.0042908908956591,
      1.0358784660050275,
      -1.1228906894245272,
      1.0000375616782242,
      1.0002684782175324,
      1.0016970680103032,
      1.0078330986847543,
      1.015465192349599,
      1.000009698504184,
      1.0000504615709533,
      1.0002052636889898,
      1.0005525055079687,
      1.0007972317165055
    ],
    [
      1.0007972317165055,
      1.0005513571957465,
      1.0002037933381431,
      1.0000497819371643,
      1.0000095040151573,
      1.015465192349599,
      1.0078330986847543,
      1.001697068010303,
      1.0002684782175324,
      1.0000375616782242,
      -6.182906812999343,
      1.0361008504525855,
      1.0043442480724014,
      1.0005227737988094,
      1.0000629094699531,
      1.0154650203854607,
      1.0078613113907695,
      1.0017143891332458,
      1.0002730418881502,
      1.0000384514349057
    ],
    [
      1.0005513571957465,
      1.0007972317165055,
      1.0005513571957465,
      1.0002037933381431,
      1.0000497819371643,
      1.0078330986847543,
      1.015465192349599,
      1.007833098684754,
      1.001697068010303,
      1.0002684782175324,
      1.0361008504525855,
      -6.134061355905071,
      1.0361008504525806,
      1.0043442480724014,
      1.0005227737988094,
      1.0078613113907695,
      1.0154650203854607,
      1.007861311390769,
      1.0017143891332458,
      1.0002730418881502
    ],
    [
      1.0002037933381431,
      1.0005513571957465,
      1.0007972317165055,
      1.0005513571957465,
      1.0002037933381431,
      1.001697068010303,
      1.007833098684754,
      1.015465192349599,
      1.0078330986847543,
      1.0016970680103032,
      1.0043442480724014,
      1.0361008504525806,
      -6.161832065594439,
      1.0361008504525855,
      1.004344248072402,
      1.0017143891332458,
      1.007861311390769,
      1.0154650203854607,
      1.0078613113907695,
      1.0017143891332458
    ],
    [
      1.0000497819371643,
      1.0002037933381431,
      1.0005513571957465,
      1.0007972317165055,
      1.0005513571957465,
      1.0002684782175324,
      1.001697068010303,
      1.0078330986847543,
      1.015465192349599,
      1.0078330986847543,
      1.0005227737988094,
      1.0043442480724014,
      1.0361008504525855,
      -6.09438077244,
      1.0361008504525855,
      1.0002730418881502,
      1.0017143891332458,
      1.0078613113907695,
      1.0154650203854607,
      1.0078613113907695
    ],
    [
      1.0000095040151573,
      1.0000497819371643,
      1.0002037933381431,
      1.0005513571957465,
