{
  "task": "C2",
  "method": "qaoa_native_diagonal",
  "n_sites": 20,
  "cost_model": "real",
  "parameters": {
    "reps": 1,
    "optimizer": "COBYLA",
    "maxiter": 300,
    "n_restarts": 10,
    "sampler": "Statevector+precomputed_diagonal",
    "seed": 42
  },
  "runtime_seconds": 61.4057,
  "result": {
    "energy": -11.012666702270508,
    "bitstring": "00001001010000001000",
    "n_selected": 4,
    "selected_sites": [
      "GA_005",
      "GA_008",
      "GA_010",
      "GA_017"
    ],
    "total_benefit": 2.232315350139323,
    "total_cost": 1.816550499304524,
    "excluded_used": 4,
    "budget_B": 2.6840435761596755
  },
  "metrics": {
    "approximation_ratio": 1.0,
    "p_success_optimal": 0.000352,
    "p_success_within_1pct": 0.003649,
    "n_qubits": 20,
    "search_space": 1048576,
    "recharge_potential_qaoa": 2.548,
    "recharge_potential_greedy": 5.908,
    "recharge_potential_random_mean": 3.727312,
    "portfolio_cost": 1.81655,
    "budget_B": 2.684044,
    "budget_feasible": true
  },
  "extra_metrics": {
    "p_feasible": 0.974686,
    "distribution_entropy": 10.134736,
    "energy_gap": 0.068036,
    "qubo_sparsity": 0.0,
    "qubo_condition_number": 214.7921,
    "optimal_beta": [
      2.47589275
    ],
    "optimal_gamma": [
      0.07895778
    ],
    "optimizer_nfev": 300,
    "convergence_curve": [
      6.69310236,
      9.05145353,
      60.88582838,
      47.87599656,
      58.22014994,
      37.49519975,
      7.58847596,
      32.37624545,
      0.8140504,
      12.86835691,
      1.8494378,
      1.65771556,
      0.68792645,
      0.48377718,
      0.3400597,
      0.39956955,
      0.27792275,
      0.23279623,
      0.27136922,
      0.16891547,
      0.13051953,
      0.15817543,
      0.11404894,
      0.08369554,
      0.03730225,
      0.08402632,
      -0.01892649,
      -0.07935541,
      -0.19268856,
      -0.24322797,
      -0.5234036,
      -0.50945028,
      -0.56808357,
      -0.50801088,
      -0.53293196,
      -0.61824989,
      -0.6304217,
      -0.57214401,
      -0.65642197,
      -0.706943,
      -0.80426107,
      -0.9853791,
      -1.05836088,
      -1.28436877,
      -0.22639497,
      -1.48226755,
      -1.40042471,
      -1.37776575,
      -1.50267322,
      -1.47365301,
      -1.51079519,
      -1.52669578,
      -1.55992415,
      -1.61872922,
      -1.64688894,
      -1.81681007,
      -1.64801281,
      -1.65605905,
      -1.80185215,
      -1.80233422,
      -1.8312609,
      -1.81634564,
      -1.83931399,
      -1.85483194,
      -1.88409573,
      -1.94010021,
      -2.04068848,
      -2.1926879,
      -2.37351743,
      -2.23568667,
      -1.05930705,
      -2.41280231,
      -2.46960077,
      -2.57944928,
      -2.73804451,
      -2.26078136,
      -1.64030909,
      -2.6519774,
      -2.67329635,
      -2.72249482,
      -2.75435443,
      -2.77261466,
      -2.77683535,
      -2.80349251,
      -2.81942917,
      -2.86965078,
      -2.88329205,
      -2.96218707,
      -2.77596968,
      -2.99384206,
      -2.99476717,
      -2.92997392,
      -2.99285374,
      -3.01746506,
      -3.03309813,
      -3.03392407,
      -3.03914538,
      -3.04355003,
      -3.04858934,
      -3.03582958,
      -3.0548745,
      -3.06065542,
      -3.07140414,
      -3.09221105,
      -3.11199655,
      -3.15115535,
      -3.13387952,
      -3.11039007,
      -3.16159553,
      -3.16150007,
      -3.16369948,
      -3.16890791,
      -3.17910552,
      -3.19317264,
      -3.21323914,
      -3.22714509,
      -3.19199236,
      -3.23872735,
      -3.2474025,
      -3.26779044,
      -3.30773979,
      -3.37218301,
      -2.84406481,
      -2.80576208,
      -3.38837149,
      -3.38211104,
      -3.37811513,
      -3.39646021,
      -3.34951771,
      -3.40999168,
      -3.41831192,
      -3.42685146,
      -3.43594295,
      -3.4557625,
      -3.4586875,
      -3.48307415,
      -3.48470785,
      -3.4993992,
      -3.51422216,
      -3.52777529,
      -3.49985678,
      -3.53646554,
      -3.54854103,
      -3.54617452,
      -3.49466461,
      -3.56180615,
      -3.57126308,
      -3.57974907,
      -3.58797187,
      -3.60683883,
      -3.60259594,
      -3.60063241,
      -3.60831038,
      -3.59054235,
      -3.60944925,
      -3.61522522,
      -3.61927805,
      -3.62306383,
      -3.62698757,
      -3.63460612,
      -3.64323273,
      -3.65761574,
      -3.6579513,
      -3.63318242,
      -3.65707361,
      -3.66669364,
      -3.67263266,
      -3.67259517,
      -3.67724403,
      -3.68102802,
      -3.68763679,
      -3.70011679,
      -3.66072749,
      -3.6979523,
      -3.70084877,
      -3.68280317,
      -3.70430779,
      -3.70972039,
      -3.71516967,
      -3.7215602,
      -3.72932269,
      -3.70858241,
      -3.73801503,
      -3.73130619,
      -3.74132898,
      -3.74321086,
      -3.74685957,
      -3.75271114,
      -3.76538637,
      -3.78938718,
      -3.75132591,
      -3.70509888,
      -3.76413999,
      -3.7924301,
      -3.78862819,
      -3.79389565,
      -3.79055508,
      -3.79693265,
      -3.79927288,
      -3.8049199,
      -3.81516863,
      -3.81783681,
      -3.82114052,
      -3.80782663,
      -3.8081577,
      -3.83905296,
      -3.84410568,
      -3.83832678,
      -3.84525253,
      -3.84101085,
      -3.84768551,
      -3.84913719,
      -3.85154152,
      -3.85488384,
      -3.85937015,
      -3.86281714,
      -3.86586861,
      -3.86548214,
      -3.84698323,
      -3.86587848,
      -3.87009715,
      -3.87126686,
      -3.86876231,
      -3.87302818,
      -3.87405739,
      -3.87616998,
      -3.87609602,
      -3.87630823,
      -3.87337971,
      -3.8748962,
      -3.8778238,
      -3.87570045,
      -3.87869815,
      -3.87875099,
      -3.87927719,
      -3.880227,
      -3.88179747,
      -3.88509868,
      -3.89115974,
      -3.82068586,
      -3.86956788,
      -3.88851831,
      -3.88927445,
      -3.88988622,
      -3.89176949,
      -3.89244491,
      -3.89342785,
      -3.89053283,
      -3.89417832,
      -3.89519008,
      -3.89532064,
      -3.88906673,
      -3.89522827,
      -3.89726329,
      -3.89838737,
      -3.89813484,
      -3.89850375,
      -3.89887687,
      -3.89917012,
      -3.89877566,
      -3.89944422,
      -3.8995632,
      -3.89991744,
      -3.9004758,
      -3.90162482,
      -3.90328532,
      -3.89164462,
      -3.89256558,
      -3.90386236,
      -3.90436668,
      -3.90467538,
      -3.9043531,
      -3.90491954,
      -3.90526266,
      -3.90533392,
      -3.90559318,
      -3.90582712,
      -3.9061248,
      -3.90666507,
      -3.90693412,
      -3.9074763,
      -3.90792844,
      -3.90891282,
      -3.90721121,
      -3.90841501,
      -3.90904178,
      -3.90839168,
      -3.90930645,
      -3.90948018,
      -3.90970248,
      -3.91013428,
      -3.91096217,
      -3.91108706,
      -3.91271111,
      -3.90800228,
      -3.91128902,
      -3.91287588,
      -3.91239475,
      -3.91297603,
      -3.91315533
    ],
    "spatial_diversity_km": 63.8685,
    "excluded_used": 4
  },
  "top_samples": [
    {
      "bitstring": "00001000000000001000",
      "energy": -7.43649912,
      "probability": 0.00564825
    },
    {
      "bitstring": "00001010000000000000",
      "energy": -7.29908466,
      "probability": 0.00542119
    },
    {
      "bitstring": "00001000000000100000",
      "energy": -7.28577852,
      "probability": 0.00540488
    },
    {
      "bitstring": "00000001000000000000",
      "energy": -4.74393082,
      "probability": 0.01396009
    },
    {
      "bitstring": "00000000100000000000",
      "energy": -4.65409803,
      "probability": 0.01423431
    },
    {
      "bitstring": "00000000010000000000",
      "energy": -4.49249506,
      "probability": 0.0155894
    },
    {
      "bitstring": "00000000000000001000",
      "energy": -4.37337542,
      "probability": 0.0167675
    },
    {
      "bitstring": "01000000000000000000",
      "energy": -4.35292101,