{
  "task": "G1",
  "method": "qaoa_native_diagonal",
  "n_sites": 20,
  "cost_model": "real",
  "parameters": {
    "reps": 3,
    "optimizer": "COBYLA",
    "maxiter": 500,
    "n_restarts": 10,
    "sampler": "Statevector+precomputed_diagonal",
    "seed": 42
  },
  "runtime_seconds": 559.0102,
  "result": {
    "energy": -11.012666702270508,
    "bitstring": "00001001010000001000",
    "n_selected": 4,
    "selected_sites": [
      "GA_005",
      "GA_008",
      "GA_010",
      "GA_017"
    ],
    "total_benefit": 2.232315350139323,
    "total_cost": 1.816550499304524,
    "excluded_used": 4,
    "budget_B": 2.6840435761596755
  },
  "metrics": {
    "approximation_ratio": 1.0,
    "p_success_optimal": 0.000328,
    "p_success_within_1pct": 0.00356,
    "n_qubits": 20,
    "search_space": 1048576,
    "recharge_potential_qaoa": 2.548,
    "recharge_potential_greedy": 5.908,
    "recharge_potential_random_mean": 3.727312,
    "portfolio_cost": 1.81655,
    "budget_B": 2.684044,
    "budget_feasible": true
  },
  "extra_metrics": {
    "p_feasible": 0.975077,
    "distribution_entropy": 10.278353,
    "energy_gap": 0.068036,
    "qubo_sparsity": 0.0,
    "qubo_condition_number": 214.7921,
    "optimal_beta": [
      2.22588488,
      3.1386937,
      1.5552236
    ],
    "optimal_gamma": [
      -0.07909191,
      2.93003655,
      1.38398026
    ],
    "optimizer_nfev": 470,
    "convergence_curve": [
      57.1302534,
      54.38846355,
      48.36743602,
      49.93890856,
      55.30397686,
      48.60817687,
      48.17897983,
      39.49079042,
      55.17582794,
      51.74406988,
      57.67456122,
      62.57250408,
      56.20138438,
      56.85874341,
      47.71872835,
      40.69813533,
      14.47475957,
      3.41378002,
      46.10603596,
      3.35092686,
      16.12030253,
      7.24814846,
      1.4871662,
      7.01393743,
      1.24010682,
      1.04451496,
      7.44906673,
      1.02107533,
      2.86006988,
      0.07806102,
      1.84550265,
      -0.11051936,
      -0.15576292,
      -0.22410762,
      -0.21856265,
      -0.25952717,
      -0.33524095,
      -0.39639196,
      -0.41469927,
      -0.35116438,
      -0.39577521,
      -0.30715126,
      -0.35883207,
      -0.540178,
      -0.6054175,
      -0.65294102,
      -0.72062199,
      -0.74248454,
      -0.67274742,
      -0.79034117,
      -0.85350441,
      -0.87793763,
      -0.97564551,
      -1.07214406,
      -1.17850483,
      -1.32407891,
      -1.46931127,
      -1.56990644,
      -1.67717506,
      -1.75500479,
      -1.62596073,
      -1.74767016,
      -1.79961169,
      -1.79216992,
      -1.79100296,
      -1.78067909,
      -1.82295562,
      -1.88330074,
      -1.92291822,
      -2.05830046,
      -2.10440393,
      -2.29443085,
      -2.23965518,
      -2.25059586,
      -2.26157463,
      -2.25275666,
      -2.34080993,
      -2.36282722,
      -2.33824601,
      -2.34932104,
      -2.34113767,
      -2.350552,
      -2.36771767,
      -2.35462797,
      -2.35615607,
      -2.37359586,
      -2.38448918,
      -2.38829993,
      -2.39038738,
      -2.3923437,
      -2.38658735,
      -2.39359885,
      -2.40071095,
      -2.41436137,
      -2.43970845,
      -2.48515682,
      -2.57527113,
      -2.52944283,
      -2.57852078,
      -2.53091778,
      -2.56713426,
      -2.58793943,
      -2.58676043,
      -2.58215575,
      -2.59031139,
      -2.59175178,
      -2.59724811,
      -2.60223567,
      -2.61157345,
      -2.62827467,
      -2.64926518,
      -2.5976115,
      -2.65330356,
      -2.65918124,
      -2.65437505,
      -2.66048402,
      -2.66495673,
      -2.6698934,
      -2.67220879,
      -2.67805261,
      -2.68198188,
      -2.6788414,
      -2.68097428,
      -2.68799386,
      -2.69597766,
      -2.70686353,
      -2.72888868,
      -2.77164567,
      -2.84989861,
      -2.99838937,
      -3.21046799,
      -3.48143048,
      -3.79258354,
      -3.83775762,
      -3.86073076,
      -1.12070982,
      -3.84610569,
      -3.59940068,
      -3.85810447,
      -3.84990029,
      -3.8582099,
      -3.78720674,
      -3.85870078,
      -3.87658318,
      -3.87816447,
      -3.87509818,
      -3.87804406,
      -3.87680126,
      -3.87780747,
      -3.87705727,
      -3.87929652,
      -3.88060313,
      -3.8820184,
      -3.88022915,
      -3.88164053,
      -3.88280141,
      -3.8834142,
      -3.88375536,
      -3.88337621,
      -3.88336966,
      -3.88522877,
      -3.88732013,
      -3.88923951,
      -3.89051833,
      -3.8937572,
      -3.8948632,
      -3.89546999,
      -3.89623296,
      -3.89814703,
      -3.89968365,
      -3.90021785,
      -3.90065991,
      -3.90075681,
      -3.90139891,
      -3.90239067,
      -3.90309792,
      -3.90294389,
      -3.90317504,
      -3.90287126,
      -3.90359915,
      -3.90298632,
      -3.90346387,
      -3.90373524,
      -3.90367756,
      -3.90366244,
      -3.90384942,
      -3.90393413,
      -3.90406194,
      -3.90429152,
      -3.9040931,
      -3.90417074,
      -3.90450616,
      -3.90455639,
      -3.90454031,
      -3.9045519,
      -3.90462073,
      -3.90459023,
      -3.90453052,
      -3.90479857,
      -3.90509914,
      -3.90545456,
      -3.90562314,
      -3.90569097,
      -3.90608192,
      -3.90620993,
      -3.9062994,
      -3.90640547,
      -3.90609734,
      -3.90629906,
      -3.90666472,
      -3.90698519,
      -3.90723215,
      -3.90732641,
      -3.90750077,
      -3.90770404,
      -3.90777432,
      -3.90794741,
      -3.90794869,
      -3.90816951,
      -3.9084986,
      -3.90889731,
      -3.9092993,
      -3.90980012,
      -3.91077753,
      -3.91233008,
      -3.91419276,
      -3.91503696,
      -3.91579457,
      -3.9124993,
      -3.91592596,
      -3.91449138,
      -3.91599315,
      -3.91565767,
      -3.91599609,
      -3.91590464,
      -3.91601875,
      -3.91610259,
      -3.91613186,
      -3.91621048,
      -3.91628082,
      -3.91638288,
      -3.91649189,
      -3.91629304,
      -3.91648077,
      -3.9165591,
      -3.91663514,
      -3.91667003,
      -3.91671467,
      -3.91669681,
      -3.91673223,
      -3.91678904,
      -3.9168007,
      -3.91689445,
      -3.91702707,
      -3.91714192,
      -3.91726174,
      -3.91691065,
      -3.91732691,
      -3.91731949,
      -3.91731937,
      -3.91738377,
      -3.91744173,
      -3.91749012,
      -3.91739544,
      -3.91751017,
      -3.91756579,
      -3.91759675,
      -3.91757375,
      -3.91757537,
      -3.91766616,
      -3.9177903,
      -3.91792109,
      -3.91819358,
      -3.91870776,
      -3.91918524,
      -3.91993011,
      -3.92010792,
      -3.91975217,
      -3.9206746,
      -3.92009992,
      -3.92073571,
      -3.92057773,
      -3.92073126,
      -3.92070418,
      -3.92074581,
      -3.920785,
      -3.92081291,
      -3.92080006,
      -3.92082393,
      -3.92084827,
      -3.92080014,
      -3.92086032,
      -3.92089866,
      -3.92087647,
      -3.92088016,
      -3.92094156,
      -3.92095906,
      -3.92099481,
      -3.92101509,
      -3.92104124,
      -3.92103083,
      -3.92102062,
      -3.92107866,
      -3.921084,
      -3.92108703,
      -3.92106158,
      -3.92110459,
      -3.921104,
      -3.92106763,
      -3.92115962,
      -3.92117328,
      -3.92115464,
      -3.92118143,
      -3.92118761,
      -3.92119219,
      -3.92124419,
      -3.92126081,
      -3.92129444,
      -3.92132436,
      -3.92122876,
      -3.92132604,
      -3.92136856,
      -3.9213884,
      -3.92143014,
      -3.92146212,
      -3.92155213,
      -3.92165405,
      -3.92170409,
      -3.92179216,
      -3.92194103,
      -3.92228648,
      -3.92277271,
      -3.92339349,
      -3.92361351,
      -3.92444436,
      -3.90226619,
      -3.9222554,
      -3.92302776,
      -3.92494604,
      -3.92496279,
      -3.92494921,
      -3.92498973,
      -3.92499126,
      -3.92489304,
      -3.9250118,
      -3.92506578,
      -3.92509007,
      -3.92507419,
