{
  "task": "G1",
  "method": "qaoa_native_diagonal",
  "n_sites": 20,
  "cost_model": "real",
  "parameters": {
    "reps": 2,
    "optimizer": "COBYLA",
    "maxiter": 500,
    "n_restarts": 5,
    "sampler": "Statevector+precomputed_diagonal",
    "seed": 42
  },
  "runtime_seconds": 150.9282,
  "result": {
    "energy": -11.012666702270508,
    "bitstring": "00001001010000001000",
    "n_selected": 4,
    "selected_sites": [
      "GA_005",
      "GA_008",
      "GA_010",
      "GA_017"
    ],
    "total_benefit": 2.232315350139323,
    "total_cost": 1.816550499304524,
    "excluded_used": 4,
    "budget_B": 2.6840435761596755
  },
  "metrics": {
    "approximation_ratio": 1.0,
    "p_success_optimal": 0.000349,
    "p_success_within_1pct": 0.003628,
    "n_qubits": 20,
    "search_space": 1048576,
    "recharge_potential_qaoa": 2.548,
    "recharge_potential_greedy": 5.908,
    "recharge_potential_random_mean": 3.727312,
    "portfolio_cost": 1.81655,
    "budget_B": 2.684044,
    "budget_feasible": true
  },
  "extra_metrics": {
    "p_feasible": 0.974949,
    "distribution_entropy": 10.221529,
    "energy_gap": 0.068036,
    "qubo_sparsity": 0.0,
    "qubo_condition_number": 214.7921,
    "optimal_beta": [
      2.4833229,
      0.00140032
    ],
    "optimal_gamma": [
      0.07903795,
      2.64912447
    ],
    "optimizer_nfev": 238,
    "convergence_curve": [
      5.55516228,
      -1.13887125,
      36.21130747,
      62.02848265,
      -1.08705368,
      46.11432651,
      73.70862274,
      1.21866409,
      170.96464048,
      -1.12830213,
      -1.84065297,
      5.63677433,
      11.47701423,
      -0.4839169,
      -1.91335837,
      -0.91632763,
      -1.91495071,
      -2.0274481,
      -1.95192307,
      -2.13148283,
      -2.23812431,
      -2.24159459,
      -2.35395719,
      -2.39319909,
      -2.45524925,
      -2.55405447,
      -2.73411563,
      -2.97862737,
      -2.97952391,
      -3.12783674,
      -3.15337114,
      -3.1854505,
      -2.83428626,
      -3.19677706,
      -3.28787786,
      -3.34771103,
      -3.36626527,
      -3.40914147,
      -3.39202063,
      -3.40826842,
      -3.40163173,
      -3.40331195,
      -3.40520796,
      -3.40965128,
      -3.40300765,
      -3.4121176,
      -3.41948422,
      -3.4315822,
      -3.44064103,
      -3.44598105,
      -3.47518852,
      -3.48934816,
      -3.53616877,
      -3.46126853,
      -3.52417719,
      -3.54181388,
      -3.54246496,
      -3.55410598,
      -3.57562774,
      -3.61544746,
      -3.68536437,
      -1.84999818,
      -3.28890092,
      -3.6830676,
      -3.68803818,
      -3.68322752,
      -3.69121809,
      -3.69078272,
      -3.69121217,
      -3.69177041,
      -3.6923862,
      -3.68415337,
      -3.69889147,
      -3.70503547,
      -3.71268422,
      -3.72092086,
      -3.72060919,
      -3.71532591,
      -3.7304831,
      -3.72997563,
      -3.73178848,
      -3.73460468,
      -3.73714014,
      -3.74051377,
      -3.74697324,
      -3.75901825,
      -3.78046251,
      -3.80841039,
      -3.44961663,
      -3.77521446,
      -3.81598277,
      -3.8114103,
      -3.81739438,
      -3.81954217,
      -3.82488023,
      -3.82531799,
      -3.82293196,
      -3.82734418,
      -3.83082818,
      -3.83211063,
      -3.83299029,
      -3.83363982,
      -3.83617221,
      -3.84090514,
      -3.84954515,
      -3.86322038,
      -3.87928099,
      -3.87325175,
      -3.84884004,
      -3.88204854,
      -3.86464381,
      -3.88145294,
      -3.88102778,
      -3.88294528,
      -3.88399292,
      -3.88361482,
      -3.88423246,
      -3.88472811,
      -3.88609064,
      -3.88878669,
      -3.89337573,
      -3.8972326,
      -3.89919551,
      -3.88691059,
      -3.90499524,
      -3.88425862,
      -3.90518406,
      -3.90336982,
      -3.90545241,
      -3.90473356,
      -3.90572131,
      -3.90388418,
      -3.90591019,
      -3.90581512,
      -3.90592893,
      -3.90607612,
      -3.90617044,
      -3.90617216,
      -3.90619322,
      -3.90634485,
      -3.90647557,
      -3.90672765,
      -3.90719653,
      -3.90794466,
      -3.90881543,
      -3.90729697,
      -3.90775912,
      -3.90906706,
      -3.90924018,
      -3.90934107,
      -3.90957016,
      -3.90924438,
      -3.90927434,
      -3.91002115,
      -3.91029989,
      -3.91056929,
      -3.9103109,
      -3.91064267,
      -3.91080027,
      -3.91070146,
      -3.91076035,
      -3.91089336,
      -3.91094578,
      -3.91100456,
      -3.91100853,
      -3.9109426,
      -3.91104962,
      -3.91118277,
      -3.91136284,
      -3.91143126,
      -3.91138102,
      -3.9114977,
      -3.91158035,
      -3.91168553,
      -3.9118389,
      -3.91167401,
      -3.91180909,
      -3.9119341,
      -3.91197031,
      -3.91202531,
      -3.91201823,
      -3.91206963,
      -3.91215757,
      -3.91228979,
      -3.9123743,
      -3.91246987,
      -3.91251794,
      -3.9121582,
      -3.91255423,
      -3.91270588,
      -3.91281567,
      -3.91277427,
      -3.91283275,
      -3.9129327,
      -3.91299589,
      -3.91308848,
      -3.91327453,
      -3.91363601,
      -3.91427686,
      -3.91539277,
      -3.91682932,
      -3.9093266,
      -3.90818962,
      -3.91674078,
      -3.91642935,
      -3.91693221,
      -3.91698867,
      -3.91709858,
      -3.91717095,
      -3.91725407,
      -3.91654372,
      -3.91724657,
      -3.91735261,
      -3.91723773,
      -3.91733036,
      -3.91733823,
      -3.91733156,
      -3.9173948,
      -3.91740867,
      -3.91748292,
      -3.91751193,
      -3.91763964,
      -3.91769951,
      -3.91785545,
      -3.91779249,
      -3.91785153,
      -3.9178135,
      -3.91780546,
      -3.91792322,
      -3.91797084,
      -3.91796674,
      -3.91798403,
      -3.9180168,
      -3.91803134,
      -3.91797645,
      -3.91801538,
      -3.91806906,
      -3.91806223
    ],
    "spatial_diversity_km": 63.8685,
    "excluded_used": 4
  },
  "top_samples": [
    {
      "bitstring": "00001000000000001000",
      "energy": -7.43649912,
      "probability": 0.0054021
    },
    {
      "bitstring": "00000001000000000000",
      "energy": -4.74393082,
      "probability": 0.01366093
    },
    {
      "bitstring": "00000000100000000000",
      "energy": -4.65409803,
      "probability": 0.01392801
    },
    {
      "bitstring": "00000000010000000000",
      "energy": -4.49249506,
      "probability": 0.01520103
    },
    {
      "bitstring": "00000000000000001000",
      "energy": -4.37337542,
      "probability": 0.01629004
    },
    {
      "bitstring": "01000000000000000000",
      "energy": -4.35292101,
      "probability": 0.01517031
    },
    {
      "bitstring": "00000000000001000000",
      "energy": -4.35089874,
      "probability": 0.01499913
    },
    {
      "bitstring": "00000010000000000000",
      "energy": -4.2443409,
      "probability": 0.01568972
    },
    {
      "bitstring": "00000000000000100000",
      "energy": -4.23673248,
      "probability": 0.0156599
    },
    {
      "bitstring": "00001000000000000000",
      "energy": -4.00191689,
      "probability": 0.01843101
    },
    {
      "bitstring": "00000000000000000100",
      "energy": -1.96150291,
      "probability": 0.00695188
    },
    {
      "bitstring": "00100000000000000000",
      "energy": -1.62391508,
      "probability": 0.00684811
    },
    {
      "bitstring": "00000000000100000000",
      "energy": -0.84936911,
      "probability": 0.00526996
    },
    {
      "bitstring": "00000000000000000001",
      "energy": -0.82633972,
      "probability": 0.00532013
    },
    {
      "bitstring": "00000000000000010000",
      "energy": -0.32040545,
      "probability": 0.00527529
    },
    {
      "bitstring": "00000000001000000000",
      "energy": -0.26982567,
      "probability": 0.00539542
    },
    {
      "bitstring": "00000000000000000000",
      "energy": 0.0,