{
  "n_sites": 50,
  "budget": 3.0,
  "qubo_const": 18.0,
  "w": [
    0.339478394961704,
    0.4347859565193831,
    0.5230464320538064,
    0.6768885504539963,
    0.5331284562126977,
    0.6777109004458421,
    0.771067403185376,
    0.5283063071988447,
    0.38574584186147887,
    0.3527105575782963,
    0.4553780261763979,
    0.29888686473861215,
    0.5764235128869138,
    0.5819241226820722,
    0.4916647665107676,
    0.6203644086615328,
    0.5405565936134722,
    0.6341364077015316,
    0.5699931407407672,
    0.6355315203640054,
    0.5762780182999169,
    0.639358900751491,
    0.5096341381351004,
    0.6320545121356858,
    0.390064270078479,
    0.5838226826555817,
    0.5916202741005065,
    0.4953709203706304,
    0.5905109607037878,
    0.45860985511826335,
    0.6370590312122651,
    0.5557540521257647,
    0.6683443520179473,
    0.6507130624793901,
    0.5953599003594985,
    0.6486161211986128,
    0.32621054704679525,
    0.4187183740795031,
    0.5985854010076203,
    0.44406464208816243,
    0.6139892517118652,
    0.6482195510079531,
    0.42234221147418133,
    0.4589110184445116,
    0.3256779618303342,
    0.4626177645865006,
    0.5004127866516684,
    0.5549136911726558,
    0.67498356106477,
    0.655461445813995
  ],
  "C": [
    0.5,
    0.5,
    0.5,
    0.5,
    0.5,
    0.5,
    0.5,
    0.5,
    0.5,
    0.5,
    0.5,
    0.5,
    0.5,
    0.5,
    0.5,
    0.5,
    0.5,
    0.5,
    0.5,
    0.5,
    0.5,
    0.5,
    0.5,
    0.5,
    0.5,
    0.5,
    0.5,
    0.5,
    0.5,
    0.5,
    0.5,
    0.5,
    0.5,
    0.5,
    0.5,
    0.5,
    0.5,
    0.5,
    0.5,
    0.5,
    0.5,
    0.5,
    0.5,
    0.5,
    0.5,
    0.5,
    0.5,
    0.5,
    0.5,
    0.5
  ],
  "cost_model": "flat"
}