{
  "task": "B5",
  "method": "simulated_annealing",
  "n_sites": 50,
  "runtime_seconds": 0.3303811550140381,
  "result": {
    "energy": -12.748215394189042,
    "bitstring": "00010010000000000000000000000000000100000000000010",
    "n_selected": 4,
    "selected_sites": [
      "GA_004",
      "GA_007",
      "GA_036",
      "GA_049"
    ],
    "total_benefit": 2.771555635902755,
    "total_cost": 2.0,
    "excluded_used": 0,
    "budget_B": 3.0
  }
}